price,vehicleType,gearbox,powerPS,kilometer,fuelType,notRepairedDamage
5800,wagon,automatic,80,80000,diesel,no
28000,bus,manual,120,50000,diesel,no
14300,limousine,manual,115,50000,diesel,no
5850,cabrio,manual,113,50000,gas,no
7700,limousine,manual,110,125000,diesel,no
6000,limousine,manual,122,150000,gas,no
9999,other,manual,163,70000,diesel,no
5400,limousine,manual,116,90000,gas,no
39999,suv,automatic,239,100000,diesel,no
14500,kombi,automatic,122,50000,gas,no
8990,limousine,manual,140,150000,diesel,no
19900,suv,manual,140,125000,diesel,no
5250,wagon,manual,77,50000,gas,no
13900,limousine,manual,105,40000,gas,no
7500,cabrio,automatic,69,90000,gas,no
6900,coupe,automatic,150,150000,gas,no
7000,bus,manual,95,90000,gas,yes
20900,suv,automatic,170,100000,diesel,no
12800,limousine,automatic,184,125000,diesel,no
10299,wagon,manual,150,60000,gas,no
15990,kombi,automatic,170,125000,diesel,no
19950,coupe,automatic,320,80000,gas,no
9000,kombi,manual,177,150000,diesel,no
6950,bus,manual,140,125000,diesel,no
12000,kombi,automatic,270,100000,gas,no
5000,wagon,manual,60,80000,gas,no
17749,kombi,automatic,170,125000,diesel,no
14500,cabrio,manual,98,40000,gas,no
10900,bus,automatic,109,70000,diesel,no
5950,limousine,automatic,238,125000,gas,no
50500,limousine,automatic,258,30000,diesel,no
5900,cabrio,manual,170,150000,gas,no
7999,kombi,automatic,209,150000,gas,no
6000,coupe,automatic,170,150000,diesel,no
14500,limousine,manual,143,150000,diesel,no
31500,cabrio,automatic,224,60000,gas,no
23500,suv,automatic,211,150000,diesel,no
6500,limousine,manual,140,150000,diesel,yes
5900,kombi,manual,170,150000,gas,no
12250,cabrio,manual,116,60000,gas,no
18500,cabrio,manual,235,150000,diesel,no
18900,kombi,automatic,184,150000,diesel,no
13999,bus,manual,160,50000,gas,no
11900,limousine,automatic,265,150000,gas,no
7990,suv,manual,185,150000,diesel,no
34000,limousine,automatic,258,70000,diesel,no
6300,wagon,manual,120,125000,gas,no
23900,bus,manual,140,125000,diesel,no
19999,kombi,manual,160,50000,diesel,no
35700,bus,automatic,140,90000,diesel,no
32000,bus,manual,179,80000,diesel,no
5900,bus,automatic,136,150000,diesel,no
5990,suv,manual,82,60000,gas,no
6950,wagon,manual,86,60000,gas,no
8999,cabrio,manual,131,80000,diesel,no
23333,suv,manual,140,20000,gas,no
17444,cabrio,manual,105,60000,gas,no
8390,wagon,manual,69,50000,gas,no
16099,wagon,automatic,185,50000,gas,no
56000,cabrio,manual,355,60000,gas,no
11900,limousine,manual,109,70000,diesel,no
9995,wagon,manual,60,20000,gas,no
5350,limousine,manual,116,150000,gas,no
19900,bus,manual,140,60000,diesel,no
6250,kombi,manual,160,125000,gas,yes
5800,limousine,automatic,190,150000,diesel,yes
8990,cabrio,manual,150,100000,gas,no
12000,limousine,manual,163,125000,diesel,no
6800,limousine,automatic,150,150000,diesel,no
7350,kombi,manual,143,150000,diesel,no
12300,limousine,automatic,177,80000,gas,no
12500,wagon,manual,101,60000,gas,no
6999,cabrio,manual,245,150000,gas,no
9999,limousine,manual,300,150000,gas,no
9900,coupe,manual,163,150000,gas,no
5499,cabrio,manual,145,150000,gas,yes
63900,bus,automatic,179,10000,diesel,no
10997,limousine,automatic,232,150000,diesel,no
10900,kombi,manual,170,125000,diesel,no
5990,wagon,manual,69,70000,gas,no
10000,kombi,automatic,231,150000,diesel,no
11500,kombi,automatic,136,150000,diesel,no
7500,coupe,manual,143,80000,gas,no
18900,kombi,manual,160,30000,gas,no
6500,cabrio,manual,163,125000,gas,no
10800,kombi,manual,184,125000,gas,no
19500,kombi,automatic,190,150000,diesel,no
7900,wagon,manual,75,40000,gas,no
5200,wagon,manual,75,150000,diesel,no
6500,limousine,manual,188,125000,gas,no
5750,cabrio,automatic,71,60000,gas,no
15999,limousine,automatic,232,125000,diesel,no
6200,cabrio,manual,179,150000,gas,no
10750,coupe,automatic,170,150000,diesel,no
8999,wagon,automatic,122,150000,gas,no
6300,bus,manual,120,150000,diesel,no
8000,kombi,automatic,156,30000,gas,no
76500,suv,automatic,258,10000,diesel,no
17499,kombi,manual,143,100000,diesel,no
6800,limousine,manual,109,70000,gas,no
6299,limousine,manual,143,125000,gas,no
10950,coupe,manual,200,150000,gas,no
6800,coupe,automatic,250,60000,gas,no
9999,limousine,manual,120,50000,gas,no
8400,coupe,manual,150,150000,gas,no
12900,limousine,automatic,140,40000,gas,no
11200,cabrio,manual,180,125000,gas,no
6999,bus,manual,170,150000,diesel,no
49900,suv,automatic,200,70000,diesel,no
8800,wagon,manual,90,40000,gas,no
10989,suv,automatic,204,150000,diesel,no
6350,limousine,manual,101,40000,gas,no
6800,kombi,manual,156,150000,diesel,no
11490,suv,automatic,218,150000,diesel,no
5200,limousine,manual,116,100000,gas,no
11500,suv,manual,140,150000,diesel,no
6700,kombi,manual,179,150000,diesel,no
8500,limousine,manual,95,40000,gas,yes
11500,limousine,manual,143,125000,diesel,no
13490,kombi,automatic,177,150000,diesel,no
19999,kombi,manual,177,150000,diesel,no
16000,wagon,manual,211,125000,gas,no
18500,suv,automatic,272,150000,diesel,no
10250,coupe,manual,160,80000,gas,no
8590,limousine,manual,90,60000,gas,no
10499,cabrio,manual,126,40000,gas,no
14500,cabrio,manual,163,100000,gas,no
9500,wagon,manual,92,40000,diesel,no
19500,kombi,automatic,163,70000,diesel,no
8000,bus,manual,170,150000,diesel,no
7700,suv,manual,150,150000,diesel,no
9200,limousine,automatic,232,150000,diesel,no
10900,limousine,manual,143,150000,diesel,no
8100,coupe,automatic,143,150000,diesel,no
7950,limousine,manual,116,125000,gas,no
5250,bus,manual,170,100000,gas,no
18500,kombi,manual,170,80000,diesel,no
12800,bus,automatic,110,150000,gas,no
17490,suv,manual,163,20000,diesel,no
5999,wagon,manual,69,50000,diesel,no
8500,bus,manual,131,150000,diesel,yes
24900,kombi,automatic,170,90000,diesel,no
7500,bus,manual,241,150000,gas,no
5900,kombi,manual,122,150000,diesel,no
12499,suv,manual,110,40000,diesel,yes
5450,kombi,manual,101,125000,gas,no
7000,kombi,manual,150,150000,diesel,no
6450,kombi,manual,105,150000,diesel,no
12500,kombi,automatic,150,125000,diesel,no
24500,limousine,automatic,387,150000,gas,no
9999,wagon,manual,101,20000,gas,no
22000,limousine,automatic,156,50000,gas,no
7950,coupe,automatic,218,125000,lpg,no
24900,bus,manual,140,100000,diesel,no
6300,limousine,manual,209,70000,gas,no
9000,limousine,automatic,144,50000,gas,no
9500,kombi,automatic,204,150000,gas,no
17850,kombi,automatic,140,70000,diesel,no
5100,limousine,automatic,140,150000,diesel,no
7999,kombi,automatic,140,150000,diesel,no
7050,wagon,manual,69,30000,gas,no
7600,bus,manual,95,150000,diesel,no
21999,limousine,automatic,170,100000,diesel,no
11150,suv,manual,155,70000,diesel,no
12500,cabrio,automatic,200,150000,gas,no
24000,coupe,automatic,239,150000,diesel,no
8500,limousine,manual,102,125000,gas,no
8150,kombi,manual,140,125000,diesel,no
13490,cabrio,automatic,163,100000,gas,no
16100,limousine,automatic,143,60000,diesel,no
9499,bus,manual,109,125000,diesel,no
15400,kombi,automatic,160,70000,gas,no
19000,cabrio,manual,140,50000,diesel,no
41900,bus,automatic,180,30000,diesel,no
11150,kombi,automatic,218,125000,diesel,no
9000,limousine,manual,256,125000,gas,no
12500,limousine,automatic,320,150000,gas,no
10900,limousine,manual,100,10000,gas,no
7990,kombi,manual,235,150000,diesel,no
5900,limousine,manual,90,125000,diesel,no
19990,bus,automatic,190,90000,diesel,no
6450,limousine,manual,143,80000,diesel,no
10900,cabrio,manual,163,70000,gas,no
9000,kombi,automatic,197,150000,diesel,yes
5499,bus,automatic,140,150000,gas,no
8490,suv,manual,171,150000,diesel,no
5499,kombi,automatic,200,150000,diesel,no
12990,coupe,automatic,200,150000,gas,no
10000,kombi,manual,140,40000,diesel,no
8999,coupe,automatic,306,150000,gas,no
9800,limousine,manual,105,80000,gas,no
16000,limousine,manual,204,100000,diesel,no
5950,kombi,manual,218,150000,diesel,no
13200,kombi,manual,90,30000,gas,no
8500,bus,manual,105,125000,diesel,no
32500,coupe,manual,184,20000,diesel,no
9500,coupe,manual,131,125000,diesel,no
17300,limousine,automatic,204,125000,diesel,no
17500,cabrio,automatic,272,60000,gas,no
22480,coupe,manual,245,125000,gas,no
7999,wagon,automatic,75,30000,gas,no
15500,limousine,automatic,235,150000,diesel,no
13990,kombi,automatic,190,150000,diesel,no
9999,suv,manual,105,5000,gas,no
5990,bus,manual,116,150000,diesel,no
7499,limousine,manual,150,150000,gas,no
5990,kombi,manual,163,150000,diesel,no
5900,limousine,manual,125,150000,diesel,no
5700,bus,manual,109,150000,diesel,no
10750,kombi,manual,125,125000,gas,no
7290,cabrio,automatic,136,30000,gas,no
6500,bus,manual,101,150000,diesel,no
10999,kombi,automatic,177,90000,diesel,yes
10950,suv,manual,140,150000,diesel,no
17950,cabrio,manual,143,80000,diesel,no
8200,limousine,manual,192,150000,gas,no
8800,kombi,manual,101,60000,gas,no
8990,wagon,manual,69,70000,gas,no
6999,kombi,manual,109,150000,diesel,no
27000,coupe,manual,265,30000,gas,no
46999,limousine,automatic,258,40000,diesel,no
5150,wagon,manual,69,60000,gas,no
6900,suv,manual,86,125000,gas,no
7950,kombi,manual,116,150000,diesel,no
6900,cabrio,automatic,231,150000,lpg,no
18990,kombi,automatic,165,30000,diesel,no
40900,limousine,automatic,177,50000,diesel,no
5400,kombi,manual,140,150000,diesel,no
7999,limousine,manual,241,150000,gas,no
26980,limousine,automatic,280,5000,gas,no
10400,bus,manual,122,90000,gas,no
9999,limousine,automatic,224,150000,diesel,no
5500,wagon,manual,68,40000,gas,no
11000,limousine,manual,150,150000,diesel,no
36490,bus,automatic,179,60000,diesel,no
14900,limousine,manual,177,125000,diesel,no
6890,kombi,manual,102,90000,gas,no
5490,limousine,manual,105,125000,diesel,no
7840,cabrio,manual,224,125000,gas,no
11500,coupe,manual,160,90000,gas,no
6200,limousine,manual,75,100000,gas,no
9499,kombi,manual,116,125000,gas,no
6200,coupe,manual,90,60000,gas,no
5300,wagon,manual,69,90000,gas,no
19900,limousine,manual,122,10000,gas,no
13900,coupe,automatic,272,125000,gas,no
6300,coupe,automatic,105,60000,gas,yes
7500,kombi,automatic,380,150000,gas,no
5999,suv,manual,141,125000,gas,no
9350,limousine,automatic,204,90000,diesel,no
15000,wagon,manual,143,125000,diesel,no
5500,limousine,automatic,163,125000,gas,no
8200,bus,manual,120,60000,gas,no
5600,limousine,manual,122,70000,gas,no
19500,limousine,automatic,143,125000,diesel,no
11799,kombi,manual,125,100000,gas,no
12500,limousine,automatic,286,150000,diesel,no
13900,cabrio,manual,231,150000,gas,no
9500,limousine,manual,150,150000,gas,no
13500,kombi,manual,143,50000,gas,no
11990,wagon,manual,75,30000,gas,no
8900,suv,automatic,163,150000,diesel,no
8300,bus,manual,130,60000,gas,no
7999,bus,manual,109,150000,diesel,no
7499,bus,manual,83,150000,diesel,no
22800,limousine,manual,150,10000,gas,no
5990,limousine,manual,129,150000,gas,no
27250,kombi,automatic,184,80000,diesel,no
12000,limousine,automatic,231,150000,diesel,no
9500,cabrio,manual,150,125000,gas,no
5900,wagon,manual,80,60000,gas,no
5990,wagon,manual,133,90000,gas,no
9500,coupe,manual,185,80000,gas,no
13900,bus,automatic,150,150000,cng,no
19990,suv,automatic,349,125000,lpg,no
5700,kombi,automatic,163,150000,gas,no
21500,kombi,automatic,231,100000,diesel,no
13200,wagon,manual,90,30000,gas,no
7490,kombi,manual,110,150000,diesel,no
15000,suv,automatic,140,70000,diesel,no
28500,suv,automatic,241,150000,diesel,no
24000,cabrio,manual,184,50000,gas,no
9950,kombi,manual,190,150000,diesel,no
45000,cabrio,automatic,313,70000,diesel,no
15999,suv,automatic,310,150000,gas,no
5350,kombi,automatic,224,150000,diesel,no
14000,limousine,manual,150,70000,cng,no
10000,bus,automatic,150,125000,diesel,no
34800,suv,automatic,245,100000,diesel,no
9500,kombi,manual,163,150000,diesel,no
6050,bus,automatic,150,150000,diesel,no
5190,kombi,manual,105,150000,diesel,no
13500,limousine,automatic,122,60000,gas,no
11850,limousine,manual,156,80000,gas,no
14227,bus,manual,105,70000,diesel,no
13990,suv,manual,152,125000,diesel,no
8190,limousine,manual,110,150000,diesel,no
6999,limousine,manual,105,150000,diesel,no
5000,cabrio,automatic,82,150000,gas,no
5500,bus,automatic,122,150000,diesel,no
10900,coupe,automatic,163,125000,gas,no
15400,cabrio,manual,163,70000,gas,no
16500,coupe,automatic,218,60000,gas,no
26500,kombi,automatic,231,60000,diesel,no
5199,kombi,automatic,131,150000,diesel,no
22900,limousine,manual,184,100000,diesel,no
12200,suv,automatic,286,100000,diesel,no
9499,wagon,manual,75,50000,gas,no
23990,coupe,manual,156,50000,gas,no
6100,bus,manual,136,150000,diesel,no
22450,kombi,manual,143,50000,diesel,no
20000,kombi,manual,170,60000,diesel,no
5350,kombi,manual,94,125000,cng,no
6500,wagon,automatic,150,80000,gas,no
9850,kombi,automatic,170,150000,diesel,no
13750,kombi,manual,86,20000,gas,no
8450,wagon,manual,86,70000,lpg,no
13500,kombi,manual,140,150000,diesel,no
18500,wagon,manual,143,50000,diesel,no
11900,coupe,automatic,235,125000,gas,no
22500,limousine,automatic,177,125000,diesel,no
6199,wagon,manual,116,100000,gas,no
5550,wagon,manual,68,60000,gas,no
30800,coupe,manual,306,60000,gas,no
5600,bus,manual,102,150000,diesel,no
6500,limousine,automatic,218,150000,diesel,no
6000,limousine,manual,129,150000,gas,no
6100,limousine,manual,200,125000,gas,no
12500,suv,manual,254,20000,gas,no
9890,kombi,manual,105,40000,gas,no
23000,suv,automatic,170,50000,diesel,no
15999,limousine,manual,197,150000,diesel,no
12400,limousine,manual,204,150000,diesel,no
8000,limousine,manual,200,150000,gas,no
17990,kombi,automatic,231,150000,diesel,no
8900,kombi,manual,150,60000,gas,no
23999,limousine,manual,325,60000,gas,no
12900,suv,manual,110,125000,diesel,no
7900,kombi,automatic,204,150000,diesel,no
9950,kombi,manual,105,125000,diesel,no
6850,kombi,manual,105,150000,diesel,yes
10498,limousine,manual,105,125000,diesel,no
5000,bus,manual,140,150000,gas,no
7200,bus,automatic,140,60000,diesel,no
5490,wagon,manual,60,90000,gas,no
24987,cabrio,manual,295,100000,gas,no
10500,kombi,manual,143,125000,diesel,no
6700,limousine,manual,192,100000,gas,no
9500,kombi,automatic,170,125000,diesel,no
10500,suv,manual,110,125000,diesel,no
7994,kombi,automatic,200,90000,gas,no
5500,cabrio,manual,116,125000,gas,no
11500,coupe,manual,174,90000,gas,no
17599,coupe,automatic,143,150000,diesel,no
28300,cabrio,manual,184,20000,gas,no
5499,wagon,manual,75,125000,gas,no
5500,wagon,manual,80,125000,gas,no
7950,kombi,manual,140,150000,diesel,no
6900,cabrio,automatic,61,30000,gas,no
25990,limousine,manual,184,30000,diesel,no
8900,wagon,manual,87,40000,gas,no
8100,suv,automatic,170,150000,diesel,no
6999,kombi,automatic,218,150000,diesel,no
7400,limousine,manual,129,125000,gas,no
5490,cabrio,manual,109,60000,gas,no
18490,suv,manual,122,20000,gas,no
38000,kombi,automatic,340,40000,gas,no
7950,wagon,manual,82,40000,gas,no
11490,bus,manual,105,30000,gas,no
6500,bus,manual,116,100000,gas,no
5999,limousine,manual,136,100000,gas,no
6500,limousine,manual,193,150000,gas,no
7990,limousine,automatic,306,150000,lpg,no
29800,kombi,automatic,299,125000,diesel,no
10490,coupe,manual,160,150000,gas,no
11200,kombi,automatic,160,150000,diesel,no
7350,kombi,manual,163,150000,gas,no
8700,kombi,manual,105,100000,gas,no
7500,suv,automatic,150,150000,diesel,no
9500,kombi,manual,140,150000,diesel,no
29000,coupe,automatic,405,20000,gas,no
15100,kombi,manual,143,60000,gas,no
5999,wagon,manual,68,60000,gas,no
16500,cabrio,automatic,122,40000,gas,no
16000,limousine,manual,140,70000,diesel,no
9000,limousine,manual,260,125000,gas,no
15990,kombi,manual,200,100000,gas,yes
9500,bus,manual,175,150000,diesel,no
13800,coupe,automatic,190,150000,diesel,yes
9499,bus,manual,174,150000,diesel,no
13990,cabrio,manual,140,70000,diesel,no
18200,limousine,manual,220,60000,gas,no
9950,kombi,manual,170,150000,diesel,no
12200,bus,manual,86,30000,gas,no
9990,wagon,manual,86,50000,gas,no
5399,bus,manual,105,150000,diesel,no
9499,kombi,manual,280,150000,gas,no
5499,kombi,automatic,250,150000,gas,no
5500,wagon,manual,101,70000,gas,no
10450,limousine,manual,140,80000,diesel,no
14390,kombi,manual,143,90000,diesel,no
5111,bus,manual,151,150000,diesel,no
8000,bus,manual,101,70000,diesel,no
15600,limousine,automatic,190,150000,diesel,no
23000,cabrio,manual,184,20000,gas,no
42800,suv,automatic,184,30000,diesel,no
10000,coupe,automatic,200,150000,gas,no
41000,limousine,automatic,184,5000,diesel,no
18490,suv,automatic,405,150000,gas,no
15500,limousine,manual,105,60000,diesel,no
5500,cabrio,manual,140,150000,gas,no
11900,bus,manual,95,150000,diesel,no
24500,kombi,manual,184,40000,gas,no
11000,limousine,automatic,204,90000,diesel,no
6700,limousine,manual,129,150000,diesel,no
5800,limousine,automatic,220,150000,gas,no
5300,limousine,manual,170,150000,gas,no
5000,wagon,manual,69,60000,gas,no
8000,kombi,automatic,190,150000,diesel,no
9999,limousine,manual,200,125000,gas,no
24150,suv,manual,140,60000,diesel,no
12500,limousine,manual,143,125000,gas,no
6150,limousine,automatic,143,90000,gas,no
8499,kombi,manual,170,150000,gas,no
15600,coupe,manual,177,150000,diesel,no
34900,suv,manual,103,150000,diesel,no
9450,cabrio,manual,116,125000,gas,no
5999,cabrio,manual,143,150000,gas,no
11400,kombi,manual,160,70000,gas,no
10500,cabrio,manual,160,90000,gas,no
14500,suv,manual,110,50000,diesel,no
14990,limousine,automatic,211,150000,gas,no
5600,limousine,automatic,188,100000,gas,no
5990,kombi,manual,150,150000,gas,no
9990,kombi,manual,140,80000,diesel,no
6599,bus,automatic,181,150000,diesel,no
6500,limousine,manual,140,150000,diesel,no
6790,limousine,automatic,177,150000,gas,no
11500,bus,manual,116,125000,diesel,no
20499,limousine,automatic,258,125000,gas,no
10800,coupe,manual,114,20000,hybrid,no
5099,kombi,manual,158,150000,diesel,no
6700,kombi,manual,105,150000,diesel,no
11200,limousine,automatic,95,50000,gas,no
8400,kombi,manual,140,150000,diesel,no
9000,wagon,manual,83,50000,lpg,no
5200,wagon,manual,116,150000,gas,no
18900,suv,automatic,177,125000,diesel,no
9000,cabrio,automatic,163,125000,gas,no
6490,wagon,manual,75,50000,gas,no
5400,kombi,manual,102,150000,gas,no
16999,suv,automatic,306,150000,gas,no
12000,kombi,manual,190,150000,diesel,no
11200,coupe,manual,160,60000,gas,no
9800,coupe,manual,160,150000,gas,no
7500,limousine,automatic,105,150000,diesel,no
15990,wagon,manual,101,20000,gas,no
13490,kombi,manual,105,60000,diesel,no
18990,bus,manual,122,40000,gas,no
18950,suv,manual,163,70000,diesel,no
5899,limousine,manual,140,150000,diesel,no
13800,kombi,automatic,143,100000,diesel,no
9000,limousine,manual,150,100000,gas,no
11500,coupe,manual,179,100000,gas,no
24499,limousine,automatic,272,150000,gas,no
9990,bus,manual,105,125000,diesel,no
6500,kombi,manual,150,150000,gas,no
12900,bus,automatic,190,150000,diesel,no
8600,coupe,automatic,143,5000,gas,no
5000,kombi,automatic,140,150000,diesel,yes
16999,coupe,manual,239,150000,diesel,no
9400,limousine,automatic,334,150000,gas,no
6490,limousine,manual,163,150000,diesel,no
11799,kombi,automatic,143,5000,diesel,no
13990,kombi,manual,143,150000,diesel,no
17500,bus,manual,140,125000,diesel,no
9390,cabrio,automatic,170,125000,gas,no
14500,other,automatic,157,150000,gas,no
13600,kombi,automatic,204,150000,diesel,no
21900,coupe,automatic,258,150000,gas,no
27900,limousine,automatic,250,80000,diesel,no
12000,cabrio,automatic,100,20000,gas,yes
14000,limousine,automatic,170,100000,diesel,no
26500,coupe,manual,200,5000,gas,no
29999,suv,manual,177,30000,diesel,no
24000,kombi,automatic,136,90000,diesel,no
5299,limousine,automatic,218,150000,diesel,no
5600,kombi,manual,105,150000,diesel,no
13800,limousine,automatic,147,40000,gas,no
7500,limousine,automatic,150,150000,diesel,no
15900,cabrio,manual,218,40000,gas,no
46900,suv,automatic,245,30000,diesel,no
13100,kombi,manual,170,150000,diesel,no
5999,kombi,automatic,131,150000,gas,no
33900,suv,manual,150,30000,diesel,no
9500,limousine,manual,170,150000,diesel,no
9845,bus,automatic,105,50000,gas,no
7900,kombi,automatic,185,150000,diesel,no
9000,kombi,manual,140,150000,diesel,yes
8500,coupe,automatic,367,150000,gas,no
10200,limousine,manual,179,60000,gas,no
7499,coupe,manual,220,150000,gas,no
9199,suv,automatic,152,150000,diesel,no
5499,bus,manual,101,60000,gas,no
13500,kombi,manual,160,100000,diesel,no
6990,wagon,manual,140,150000,diesel,no
5999,wagon,manual,116,90000,gas,no
11000,suv,automatic,150,100000,diesel,no
7950,limousine,manual,150,125000,gas,no
6990,wagon,manual,82,80000,gas,no
10900,bus,manual,105,150000,diesel,no
16950,limousine,manual,136,125000,diesel,no
11400,kombi,manual,120,125000,diesel,no
79900,coupe,manual,200,100000,gas,no
6990,wagon,manual,80,50000,diesel,no
6900,bus,manual,102,150000,diesel,no
45900,coupe,manual,355,80000,gas,no
5999,wagon,manual,69,40000,gas,no
8900,suv,automatic,260,80000,lpg,no
17900,bus,manual,136,70000,diesel,no
11000,kombi,automatic,225,150000,gas,no
5500,kombi,automatic,211,150000,gas,yes
30900,bus,automatic,150,5000,diesel,no
16200,kombi,automatic,190,125000,gas,no
15900,coupe,manual,170,125000,gas,no
5300,limousine,automatic,230,150000,gas,no
6870,limousine,manual,116,125000,gas,no
15500,suv,automatic,224,150000,diesel,no
8490,limousine,manual,163,150000,diesel,no
14950,bus,manual,140,150000,diesel,no
10500,kombi,manual,177,125000,diesel,no
15000,wagon,manual,110,20000,diesel,no
5450,cabrio,manual,116,125000,gas,no
9499,cabrio,manual,163,150000,gas,no
20000,limousine,automatic,450,150000,gas,no
8990,kombi,manual,122,80000,diesel,no
7950,bus,manual,100,60000,gas,no
28900,coupe,automatic,320,125000,gas,no
18600,limousine,manual,110,20000,gas,no
19999,suv,automatic,190,80000,diesel,no
16500,kombi,automatic,143,125000,diesel,no
57500,coupe,automatic,457,30000,gas,no
5800,bus,manual,110,70000,diesel,no
7990,wagon,manual,120,50000,gas,no
5750,wagon,manual,116,150000,gas,no
16900,cabrio,automatic,231,80000,gas,no
6450,limousine,manual,143,150000,diesel,no
22900,suv,manual,218,50000,gas,no
12499,cabrio,manual,231,125000,gas,no
7960,cabrio,manual,140,70000,gas,no
6250,coupe,manual,116,125000,lpg,no
7790,kombi,manual,140,150000,diesel,no
11500,wagon,automatic,150,70000,gas,no
9499,cabrio,manual,163,150000,gas,no
26500,cabrio,manual,150,10000,gas,no
8999,bus,manual,95,150000,diesel,no
21500,suv,automatic,426,80000,gas,no
5500,bus,manual,105,70000,gas,no
23990,limousine,automatic,271,100000,gas,no
8000,limousine,manual,120,80000,gas,no
18900,cabrio,manual,150,60000,gas,no
12500,bus,manual,102,70000,diesel,no
6990,wagon,manual,120,150000,diesel,no
6450,kombi,manual,140,125000,gas,no
5999,kombi,manual,231,150000,lpg,no
16950,kombi,manual,105,60000,diesel,no
6500,wagon,manual,155,125000,gas,no
5500,kombi,manual,131,150000,diesel,no
8499,limousine,manual,265,150000,gas,no
27150,coupe,automatic,239,150000,diesel,no
8600,limousine,manual,110,150000,diesel,no
36999,limousine,automatic,299,90000,diesel,no
10800,kombi,automatic,156,30000,gas,no
5500,limousine,automatic,150,150000,diesel,no
5200,cabrio,manual,120,150000,gas,no
5470,wagon,manual,60,100000,gas,no
15500,limousine,manual,190,100000,gas,no
69850,cabrio,manual,385,30000,gas,no
11600,kombi,manual,163,150000,diesel,no
54900,kombi,automatic,367,20000,gas,no
5999,limousine,manual,90,100000,diesel,no
7500,kombi,automatic,177,150000,diesel,no
5300,limousine,manual,163,150000,gas,no
8999,limousine,automatic,224,150000,diesel,no
13999,suv,automatic,156,125000,diesel,no
24000,limousine,automatic,170,60000,diesel,no
7900,kombi,manual,170,150000,diesel,no
18900,limousine,manual,211,20000,gas,no
6200,kombi,manual,105,150000,diesel,no
6800,limousine,manual,177,150000,diesel,no
6100,coupe,manual,110,125000,gas,no
7700,wagon,manual,105,150000,diesel,no
20999,limousine,manual,235,60000,gas,no
15500,cabrio,automatic,163,60000,gas,no
18499,kombi,automatic,231,150000,diesel,no
25900,limousine,automatic,245,150000,diesel,no
8000,kombi,manual,143,150000,diesel,no
6900,bus,manual,105,150000,diesel,no
5500,limousine,manual,180,125000,gas,no
6299,limousine,manual,109,150000,diesel,no
19999,coupe,manual,224,80000,gas,no
11500,limousine,manual,200,150000,gas,no
16900,limousine,automatic,272,150000,gas,no
22400,bus,manual,150,50000,gas,no
7550,wagon,manual,84,30000,gas,no
19900,coupe,automatic,224,125000,diesel,no
9500,coupe,automatic,170,125000,gas,no
13999,kombi,automatic,160,100000,diesel,no
18990,kombi,manual,105,20000,diesel,no
15600,limousine,manual,286,150000,gas,no
8000,limousine,manual,90,30000,gas,no
17000,limousine,automatic,143,50000,gas,no
14700,suv,manual,135,60000,gas,no
9900,suv,manual,90,100000,diesel,no
12500,limousine,manual,200,70000,gas,no
7500,bus,manual,140,150000,diesel,no
10000,kombi,manual,140,125000,diesel,no
14900,kombi,manual,140,90000,diesel,no
27300,limousine,manual,177,30000,diesel,no
5399,wagon,manual,68,125000,diesel,no
13299,wagon,automatic,200,40000,gas,no
19400,kombi,manual,150,70000,diesel,no
69997,cabrio,automatic,480,90000,gas,no
7500,limousine,manual,101,100000,gas,no
7500,kombi,automatic,204,150000,diesel,no
13200,kombi,manual,184,150000,diesel,no
7700,bus,manual,75,40000,gas,no
7700,kombi,manual,140,125000,gas,no
9500,limousine,manual,116,150000,diesel,no
10999,wagon,manual,90,20000,lpg,no
7500,coupe,manual,200,150000,diesel,no
8699,cabrio,manual,136,30000,diesel,no
20900,limousine,manual,143,80000,diesel,no
34900,limousine,automatic,306,125000,diesel,no
7450,cabrio,automatic,163,150000,gas,no
18790,cabrio,manual,122,50000,gas,no
13500,coupe,manual,143,125000,diesel,no
8990,wagon,manual,86,125000,gas,no
6950,limousine,manual,150,150000,diesel,no
7300,limousine,manual,101,50000,gas,no
16990,wagon,manual,86,10000,gas,no
16999,kombi,automatic,204,60000,diesel,no
8200,kombi,automatic,177,150000,diesel,no
16800,bus,automatic,204,150000,diesel,no
6900,limousine,manual,80,150000,gas,no
13900,wagon,manual,120,70000,gas,no
13000,limousine,automatic,231,150000,gas,no
20800,kombi,manual,381,150000,gas,no
6790,limousine,manual,116,150000,diesel,no
10300,bus,automatic,136,60000,diesel,no
9200,suv,automatic,450,150000,gas,no
6500,bus,automatic,150,150000,diesel,no
6200,kombi,manual,105,150000,diesel,no
15000,bus,manual,110,80000,diesel,no
8500,limousine,automatic,170,125000,diesel,no
9800,suv,manual,129,80000,diesel,no
7950,limousine,manual,140,150000,diesel,no
18500,limousine,automatic,170,150000,diesel,no
7900,wagon,manual,90,50000,gas,no
7490,wagon,automatic,71,30000,gas,no
8400,bus,automatic,140,150000,diesel,no
10690,limousine,manual,105,70000,gas,no
9500,wagon,manual,75,70000,gas,no
15999,wagon,manual,211,125000,gas,no
7000,limousine,manual,110,125000,diesel,no
5990,wagon,manual,120,125000,gas,no
11900,limousine,manual,143,70000,diesel,no
20700,bus,manual,109,30000,diesel,no
8400,wagon,manual,201,70000,gas,no
18990,limousine,automatic,204,150000,diesel,no
9000,kombi,manual,105,150000,diesel,no
7999,limousine,manual,105,100000,diesel,no
25990,coupe,manual,211,20000,gas,no
11900,cabrio,automatic,163,100000,gas,no
9300,limousine,automatic,218,150000,diesel,no
18399,bus,automatic,109,70000,diesel,no
13200,suv,automatic,239,125000,diesel,no
5700,limousine,automatic,170,150000,gas,no
17500,limousine,automatic,211,100000,gas,no
7400,limousine,manual,102,125000,gas,no
20250,suv,automatic,184,30000,diesel,no
12900,kombi,manual,170,90000,diesel,no
28500,bus,manual,140,100000,diesel,no
12900,suv,manual,122,150000,diesel,no
16600,limousine,manual,184,150000,diesel,no
11750,limousine,manual,140,40000,gas,no
7800,cabrio,manual,224,125000,gas,no
25000,coupe,automatic,239,125000,diesel,no
8000,wagon,manual,80,40000,gas,no
17990,limousine,automatic,122,60000,gas,no
9500,limousine,automatic,122,150000,diesel,no
5499,limousine,automatic,313,150000,diesel,no
5390,wagon,manual,82,50000,gas,no
12590,limousine,manual,140,100000,diesel,no
9300,kombi,manual,105,125000,diesel,no
17000,suv,automatic,313,150000,lpg,no
5100,cabrio,manual,125,90000,gas,no
5999,limousine,automatic,200,150000,diesel,no
8000,bus,manual,88,150000,diesel,no
6400,cabrio,manual,163,150000,diesel,no
9000,limousine,manual,170,100000,diesel,no
12999,cabrio,manual,105,50000,gas,no
5500,coupe,manual,108,150000,diesel,no
11990,limousine,manual,143,60000,gas,no
11999,kombi,automatic,476,150000,gas,no
5800,wagon,manual,80,100000,gas,no
20600,limousine,automatic,170,70000,diesel,no
11968,cabrio,manual,239,150000,gas,no
12899,bus,manual,116,125000,lpg,no
5688,suv,manual,141,60000,diesel,no
43900,limousine,automatic,245,40000,diesel,no
12999,kombi,automatic,211,125000,gas,no
5750,bus,manual,84,150000,diesel,no
18250,suv,manual,136,60000,diesel,no
8400,suv,manual,119,150000,diesel,no
5600,limousine,automatic,131,150000,gas,no
7300,cabrio,manual,224,100000,gas,no
10999,cabrio,automatic,193,150000,gas,no
7500,bus,automatic,136,150000,diesel,no
9300,bus,automatic,140,150000,diesel,no
8900,bus,manual,95,90000,diesel,no
10400,cabrio,automatic,163,125000,gas,no
5900,bus,manual,78,150000,diesel,no
13900,coupe,manual,170,100000,diesel,no
5300,limousine,manual,80,80000,gas,no
9999,bus,manual,122,150000,gas,no
19444,limousine,automatic,207,150000,diesel,no
7200,kombi,manual,105,125000,diesel,no
11599,cabrio,manual,204,125000,gas,no
14999,bus,manual,131,150000,diesel,no
5200,other,manual,88,150000,diesel,no
5499,wagon,manual,73,70000,gas,no
14550,suv,manual,150,60000,gas,no
15490,limousine,automatic,140,125000,diesel,no
5690,wagon,manual,68,20000,gas,no
10000,kombi,manual,143,150000,diesel,no
6300,wagon,manual,116,100000,gas,no
8700,suv,manual,136,60000,diesel,no
10500,suv,automatic,268,150000,gas,no
16500,coupe,manual,120,5000,gas,no
7700,limousine,manual,220,60000,gas,no
30999,suv,automatic,177,50000,diesel,no
5000,kombi,manual,131,150000,diesel,no
5199,bus,manual,54,90000,gas,no
5700,wagon,manual,75,20000,gas,no
12500,suv,manual,116,125000,diesel,no
34940,limousine,manual,150,20000,diesel,no
10000,limousine,manual,177,150000,diesel,no
5300,wagon,manual,86,80000,gas,no
7490,kombi,manual,110,90000,diesel,no
5950,wagon,manual,95,70000,gas,no
5880,cabrio,manual,136,150000,diesel,no
9500,wagon,manual,92,40000,diesel,no
14000,limousine,manual,125,30000,gas,no
10950,limousine,manual,340,150000,gas,no
13900,suv,manual,116,80000,gas,no
12900,suv,manual,105,20000,gas,no
9999,limousine,automatic,218,125000,diesel,no
14444,cabrio,manual,170,60000,gas,no
9999,limousine,automatic,184,150000,diesel,yes
8699,kombi,manual,125,90000,gas,no
16000,bus,automatic,140,100000,diesel,no
15000,kombi,manual,260,100000,gas,no
8000,limousine,manual,170,125000,diesel,no
29900,bus,automatic,265,100000,diesel,no
7200,bus,manual,145,150000,diesel,no
11499,limousine,manual,99,40000,gas,no
21500,wagon,manual,211,20000,gas,no
7999,cabrio,manual,75,60000,gas,no
23900,cabrio,manual,101,30000,gas,no
11500,wagon,manual,201,80000,gas,no
7490,wagon,manual,116,90000,gas,no
7250,bus,manual,151,150000,diesel,no
6999,bus,manual,116,150000,diesel,no
23990,kombi,automatic,245,150000,diesel,no
8400,suv,automatic,212,150000,diesel,no
16400,kombi,manual,122,40000,gas,no
6750,limousine,manual,125,125000,gas,no
17900,cabrio,manual,122,40000,gas,no
28500,coupe,automatic,298,60000,gas,no
6900,wagon,manual,80,60000,gas,no
6700,limousine,manual,116,150000,gas,no
10500,suv,manual,155,100000,diesel,no
20850,limousine,manual,150,40000,diesel,no
30300,kombi,manual,204,90000,diesel,no
8600,kombi,manual,105,150000,diesel,no
13900,bus,manual,107,20000,diesel,no
9400,kombi,manual,140,150000,diesel,no
6500,suv,manual,136,60000,diesel,no
8987,kombi,manual,86,90000,gas,no
7250,coupe,automatic,197,150000,gas,no
9950,bus,automatic,92,90000,diesel,no
35990,suv,automatic,179,10000,diesel,no
7300,kombi,manual,140,150000,diesel,no
19500,cabrio,automatic,218,90000,gas,no
7150,kombi,automatic,140,150000,diesel,no
23000,limousine,manual,143,100000,diesel,no
32000,coupe,automatic,306,60000,gas,no
22500,wagon,automatic,185,50000,gas,no
7250,kombi,manual,170,150000,diesel,no
15490,coupe,manual,231,150000,diesel,no
5200,wagon,manual,69,100000,gas,no
23760,suv,automatic,179,50000,gas,no
6800,suv,automatic,163,150000,diesel,no
7950,wagon,manual,87,40000,gas,no
5990,suv,manual,150,125000,diesel,no
5250,wagon,manual,54,80000,gas,no
9200,kombi,manual,150,100000,diesel,no
10999,limousine,manual,140,70000,gas,no
5300,limousine,manual,116,90000,gas,no
8190,kombi,automatic,177,150000,diesel,no
36400,limousine,automatic,150,30000,diesel,no
14000,kombi,automatic,179,150000,diesel,no
9600,kombi,manual,129,125000,gas,no
11111,suv,manual,140,150000,diesel,no
15550,cabrio,automatic,306,5000,gas,no
20900,cabrio,automatic,326,40000,gas,no
8800,limousine,manual,95,80000,gas,no
5890,wagon,manual,82,125000,gas,no
5500,limousine,automatic,193,150000,diesel,no
5200,cabrio,automatic,71,100000,gas,no
18500,kombi,manual,140,80000,diesel,no
8450,kombi,manual,143,150000,diesel,no
13850,coupe,manual,140,150000,diesel,no
11750,limousine,automatic,122,40000,gas,no
6300,limousine,automatic,220,150000,gas,no
11850,suv,automatic,185,150000,diesel,no
7250,limousine,manual,122,150000,gas,no
6200,coupe,manual,90,60000,gas,no
10990,limousine,automatic,260,150000,diesel,no
14900,kombi,automatic,450,150000,gas,no
10999,kombi,automatic,435,150000,gas,no
15000,limousine,manual,86,10000,gas,no
9900,limousine,manual,143,150000,diesel,no
7299,kombi,automatic,170,125000,diesel,no
10999,kombi,automatic,140,150000,diesel,no
5500,kombi,manual,271,150000,gas,no
22300,wagon,manual,220,40000,gas,no
7200,wagon,automatic,54,50000,diesel,no
12500,wagon,manual,122,30000,gas,no
6800,other,manual,179,150000,gas,no
15300,limousine,manual,143,100000,diesel,no
7000,limousine,manual,116,125000,gas,yes
6499,bus,manual,136,150000,diesel,no
7350,bus,manual,102,150000,diesel,no
7499,wagon,manual,120,80000,gas,no
8350,limousine,manual,190,150000,diesel,no
5600,limousine,manual,140,150000,diesel,no
5990,wagon,manual,60,20000,gas,no
13990,kombi,manual,163,150000,diesel,no
25990,limousine,automatic,184,80000,diesel,no
5850,cabrio,automatic,192,150000,gas,no
16000,suv,manual,131,80000,diesel,no
8700,cabrio,manual,163,150000,gas,no
7450,kombi,automatic,150,150000,diesel,no
7500,coupe,manual,179,150000,lpg,no
13900,wagon,manual,160,40000,gas,no
6700,kombi,automatic,170,150000,diesel,no
6600,coupe,automatic,218,150000,gas,no
18000,limousine,automatic,232,150000,diesel,no
32990,cabrio,automatic,224,50000,gas,no
5800,limousine,manual,102,100000,gas,no
6400,limousine,manual,116,150000,gas,no
6790,cabrio,manual,140,125000,gas,no
8999,wagon,automatic,101,70000,gas,no
9599,cabrio,manual,200,150000,gas,no
29500,kombi,automatic,325,30000,gas,no
10900,kombi,automatic,143,150000,diesel,no
6499,bus,manual,103,125000,gas,no
5600,limousine,automatic,116,150000,diesel,no
21900,kombi,manual,136,125000,diesel,no
15500,coupe,manual,110,100000,gas,no
10800,limousine,manual,140,80000,diesel,no
27900,suv,automatic,140,40000,diesel,no
13500,kombi,automatic,231,150000,diesel,no
8600,limousine,manual,140,80000,diesel,no
9000,limousine,automatic,163,150000,diesel,no
5500,kombi,manual,131,150000,diesel,no
20500,limousine,automatic,239,150000,diesel,no
9300,cabrio,manual,150,125000,gas,no
17300,kombi,automatic,184,150000,diesel,no
8990,limousine,automatic,232,150000,diesel,no
6800,limousine,manual,80,125000,gas,no
14000,bus,automatic,140,70000,gas,no
6700,wagon,manual,95,90000,diesel,no
16200,suv,automatic,224,150000,diesel,no
9900,cabrio,manual,192,125000,gas,no
6999,wagon,manual,68,70000,diesel,no
25900,bus,manual,140,150000,diesel,no
8500,limousine,automatic,219,150000,diesel,no
22500,suv,automatic,170,125000,diesel,no
39900,coupe,automatic,360,30000,gas,no
11500,limousine,automatic,218,80000,gas,no
8499,limousine,manual,143,125000,gas,no
12999,cabrio,manual,232,150000,diesel,no
7800,limousine,manual,220,5000,gas,no
8750,cabrio,manual,125,150000,gas,no
16850,bus,automatic,150,150000,diesel,no
5995,coupe,manual,150,150000,diesel,no
12900,bus,automatic,140,125000,diesel,no
31990,suv,automatic,184,70000,diesel,no
12000,limousine,manual,72,90000,diesel,no
20200,cabrio,manual,105,30000,gas,no
7900,kombi,manual,150,150000,diesel,no
29900,cabrio,manual,156,30000,gas,no
10100,suv,automatic,239,100000,diesel,no
6900,cabrio,manual,150,150000,gas,no
6960,kombi,manual,160,90000,gas,no
24990,limousine,manual,150,20000,diesel,no
24000,coupe,manual,211,70000,gas,no
39800,bus,manual,140,50000,diesel,no
25900,limousine,automatic,150,30000,diesel,no
5800,wagon,manual,77,20000,gas,no
15500,suv,manual,110,50000,diesel,no
7500,bus,manual,88,150000,diesel,no
7249,limousine,automatic,109,150000,diesel,no
11700,limousine,manual,136,125000,diesel,no
5850,kombi,manual,143,150000,diesel,no
5800,bus,manual,105,150000,diesel,no
5900,cabrio,manual,150,150000,gas,no
14000,bus,manual,140,100000,diesel,no
15500,kombi,manual,165,60000,diesel,no
16995,suv,automatic,272,150000,diesel,no
5500,wagon,manual,90,125000,gas,no
5990,suv,automatic,224,150000,diesel,yes
12200,kombi,manual,136,150000,diesel,no
6999,limousine,manual,163,150000,diesel,no
5990,wagon,manual,68,30000,gas,no
6900,kombi,manual,140,150000,diesel,no
8999,limousine,manual,122,125000,gas,no
10100,suv,automatic,239,100000,diesel,no
21590,suv,manual,175,80000,diesel,no
6400,kombi,manual,163,150000,diesel,no
5000,wagon,manual,131,150000,diesel,no
6900,bus,manual,109,90000,cng,no
10999,bus,manual,120,50000,gas,no
6500,suv,manual,136,125000,gas,no
5200,limousine,automatic,286,150000,lpg,no
33499,kombi,automatic,313,125000,diesel,no
8850,suv,automatic,163,150000,diesel,no
6200,suv,automatic,184,150000,diesel,no
28600,kombi,automatic,181,60000,diesel,no
12800,wagon,manual,90,40000,diesel,no
5900,wagon,manual,109,100000,gas,no
14500,limousine,manual,75,30000,diesel,no
8000,kombi,manual,140,150000,diesel,no
11000,wagon,manual,105,60000,gas,no
17750,limousine,manual,105,10000,gas,no
15500,wagon,manual,105,60000,diesel,no
5999,bus,manual,101,125000,diesel,no
7700,suv,manual,113,125000,diesel,no
9300,coupe,manual,179,80000,gas,no
5999,kombi,automatic,179,150000,diesel,no
21000,limousine,automatic,231,100000,diesel,no
5900,kombi,manual,140,150000,diesel,no
11500,wagon,manual,72,70000,gas,no
20900,suv,automatic,140,20000,gas,no
7500,wagon,automatic,84,70000,gas,no
35500,limousine,automatic,300,20000,gas,no
14799,bus,automatic,163,90000,diesel,no
30800,limousine,automatic,184,20000,diesel,no
19900,limousine,automatic,239,150000,diesel,no
36399,coupe,automatic,230,20000,gas,no
10400,kombi,automatic,190,150000,diesel,no
5100,limousine,manual,116,150000,gas,no
19750,kombi,automatic,204,40000,diesel,no
6500,coupe,automatic,231,80000,gas,no
14500,limousine,automatic,143,150000,diesel,no
6950,limousine,manual,231,150000,gas,no
8500,bus,manual,140,150000,diesel,no
19999,cabrio,automatic,245,150000,gas,no
10490,bus,automatic,105,90000,diesel,no
11500,wagon,manual,72,70000,gas,no
7200,limousine,manual,131,150000,diesel,no
14200,coupe,automatic,272,150000,gas,no
11000,kombi,manual,140,60000,gas,no
11490,cabrio,manual,143,70000,gas,no
18750,suv,automatic,224,150000,diesel,no
12700,limousine,automatic,177,150000,diesel,no
8500,coupe,automatic,150,150000,gas,no
16950,limousine,manual,211,60000,gas,no
23900,cabrio,automatic,222,150000,gas,no
18800,suv,automatic,349,150000,lpg,no
6900,wagon,manual,69,30000,gas,no
6950,wagon,manual,90,150000,diesel,no
12900,kombi,manual,170,150000,diesel,no
14500,limousine,automatic,136,125000,diesel,no
13500,kombi,manual,177,150000,diesel,no
12899,bus,manual,116,125000,lpg,no
6000,cabrio,automatic,71,90000,gas,no
6790,limousine,automatic,140,100000,diesel,no
17300,kombi,automatic,170,100000,diesel,no
9450,limousine,manual,116,125000,diesel,no
9999,limousine,automatic,140,150000,diesel,no
17900,kombi,automatic,184,125000,diesel,no
6700,wagon,manual,116,70000,gas,no
5500,limousine,manual,105,150000,diesel,no
5999,bus,manual,145,125000,lpg,no
29900,suv,automatic,239,125000,diesel,no
59500,coupe,automatic,313,60000,diesel,no
12990,kombi,manual,140,125000,diesel,no
10300,limousine,automatic,272,150000,gas,no
19900,bus,automatic,196,150000,diesel,no
7500,wagon,manual,90,60000,diesel,no
17800,coupe,automatic,224,150000,gas,no
10790,limousine,manual,163,150000,diesel,no
5990,bus,manual,120,100000,gas,no
7000,kombi,manual,105,125000,diesel,no
8990,kombi,automatic,163,150000,gas,no
6150,kombi,manual,120,150000,diesel,no
14222,bus,manual,105,90000,diesel,no
9990,limousine,manual,170,80000,gas,no
6900,wagon,manual,60,30000,gas,no
32850,coupe,manual,344,20000,gas,no
7299,kombi,manual,140,150000,diesel,no
5800,limousine,manual,245,20000,gas,yes
16900,cabrio,manual,143,60000,gas,no
24999,limousine,automatic,408,100000,gas,no
27950,cabrio,manual,306,30000,gas,no
7450,limousine,manual,140,150000,diesel,no
12900,kombi,manual,155,70000,gas,no
8000,coupe,manual,131,100000,gas,no
6000,kombi,manual,122,150000,diesel,no
11900,limousine,manual,82,20000,gas,no
18500,limousine,manual,122,30000,gas,no
18000,bus,automatic,131,70000,diesel,no
7777,bus,manual,140,150000,diesel,no
25850,limousine,automatic,379,40000,gas,no
8750,suv,manual,170,125000,gas,no
5000,bus,manual,77,150000,diesel,no
12500,coupe,automatic,272,150000,gas,no
15299,kombi,manual,190,150000,diesel,no
32500,limousine,automatic,150,20000,diesel,no
59964,coupe,manual,250,150000,gas,no
6900,kombi,manual,140,150000,diesel,no
16999,limousine,automatic,231,150000,diesel,no
8200,limousine,manual,143,125000,diesel,no
25654,limousine,automatic,150,30000,diesel,no
6800,kombi,manual,143,150000,diesel,no
8900,coupe,manual,175,150000,gas,no
9950,limousine,automatic,333,150000,lpg,no
17490,suv,manual,163,20000,diesel,no
18500,limousine,automatic,160,70000,diesel,no
6000,bus,manual,70,150000,diesel,no
33300,suv,automatic,150,20000,diesel,no
5590,limousine,manual,177,150000,gas,no
7500,wagon,manual,75,70000,diesel,no
8700,limousine,manual,151,125000,gas,no
7300,bus,manual,140,100000,gas,no
15300,cabrio,automatic,250,125000,gas,no
7500,limousine,manual,101,50000,gas,no
12500,wagon,manual,90,20000,gas,no
21500,wagon,manual,220,50000,gas,no
5900,wagon,manual,69,20000,gas,no
6890,kombi,manual,163,150000,diesel,no
8500,kombi,automatic,200,125000,diesel,yes
9950,kombi,manual,163,125000,gas,no
8000,cabrio,manual,200,125000,gas,no
31555,limousine,automatic,184,30000,diesel,no
6450,bus,manual,140,150000,diesel,no
5401,kombi,manual,140,125000,diesel,no
8000,limousine,manual,54,125000,gas,no
16290,limousine,automatic,204,150000,diesel,no
14990,coupe,automatic,179,30000,gas,no
20000,kombi,automatic,272,40000,gas,no
12750,kombi,automatic,190,150000,diesel,no
7800,kombi,manual,102,125000,gas,no
14500,limousine,manual,143,90000,diesel,no
12499,suv,manual,136,100000,diesel,no
15400,limousine,automatic,177,125000,diesel,no
12290,bus,automatic,92,40000,diesel,no
54900,suv,automatic,245,90000,diesel,no
5500,coupe,manual,156,125000,gas,no
17950,kombi,manual,147,60000,diesel,no
6450,limousine,manual,105,150000,diesel,no
18790,wagon,automatic,122,20000,gas,no
5500,wagon,automatic,71,30000,gas,no
19500,cabrio,automatic,190,150000,diesel,no
16700,limousine,automatic,204,70000,diesel,no
7750,limousine,manual,110,150000,diesel,no
6900,cabrio,manual,140,125000,gas,no
7000,suv,manual,141,100000,gas,no
8700,limousine,manual,170,150000,diesel,no
5450,kombi,automatic,179,150000,diesel,no
8990,kombi,automatic,232,150000,diesel,no
23950,bus,manual,174,150000,diesel,no
9900,bus,manual,131,150000,diesel,no
20499,kombi,automatic,170,150000,diesel,no
12499,bus,automatic,170,150000,gas,no
18600,cabrio,manual,258,150000,gas,no
16999,other,manual,129,150000,diesel,no
7800,limousine,manual,140,90000,gas,no
5555,wagon,manual,77,30000,gas,no
7450,kombi,automatic,163,150000,diesel,no
7200,limousine,manual,101,50000,gas,no
15500,bus,manual,131,150000,diesel,no
14299,kombi,automatic,286,150000,diesel,no
12900,kombi,automatic,239,150000,diesel,no
14500,cabrio,automatic,177,150000,diesel,no
11700,limousine,automatic,231,150000,gas,no
8000,cabrio,manual,143,125000,lpg,no
5990,kombi,manual,140,150000,diesel,no
6450,limousine,manual,122,150000,diesel,no
16399,limousine,manual,110,20000,gas,no
7200,kombi,automatic,218,150000,diesel,no
19299,limousine,automatic,204,150000,diesel,no
8765,coupe,manual,160,150000,gas,yes
6299,bus,automatic,150,150000,diesel,yes
8350,bus,manual,130,60000,gas,no
16250,kombi,manual,140,90000,diesel,no
7800,suv,manual,204,150000,diesel,no
9350,suv,manual,86,40000,gas,no
8000,limousine,manual,250,150000,gas,no
5900,bus,manual,101,125000,gas,no
7500,limousine,automatic,163,150000,diesel,no
7499,kombi,manual,105,150000,diesel,no
7500,kombi,manual,140,100000,diesel,yes
5250,suv,automatic,382,60000,diesel,yes
19900,limousine,manual,150,50000,diesel,no
21000,suv,manual,163,80000,diesel,no
7699,kombi,automatic,224,150000,diesel,no
24000,cabrio,manual,143,20000,gas,no
7990,suv,manual,177,150000,diesel,no
7500,limousine,automatic,160,40000,diesel,no
14890,kombi,manual,239,150000,diesel,no
8495,limousine,automatic,95,100000,gas,no
11950,kombi,automatic,190,150000,diesel,no
7500,kombi,automatic,232,150000,diesel,no
17800,suv,automatic,231,125000,gas,no
33333,bus,automatic,140,50000,diesel,no
14700,suv,automatic,200,125000,gas,no
16900,kombi,manual,143,70000,diesel,no
8699,cabrio,automatic,170,150000,gas,no
19000,bus,manual,112,20000,diesel,no
9650,suv,manual,224,150000,diesel,no
8500,limousine,manual,140,150000,diesel,no
15200,suv,manual,129,90000,diesel,no
9990,kombi,manual,120,150000,diesel,no
10999,kombi,manual,125,50000,gas,no
5250,limousine,manual,101,100000,gas,no
9990,kombi,manual,170,90000,diesel,no
16200,limousine,automatic,184,70000,gas,no
13000,cabrio,automatic,150,150000,gas,no
15000,wagon,manual,102,20000,gas,no
14900,kombi,manual,160,150000,gas,no
5999,coupe,manual,192,125000,gas,no
7990,limousine,manual,116,125000,diesel,no
7500,cabrio,automatic,170,150000,gas,no
9999,limousine,manual,226,125000,gas,no
12900,suv,automatic,190,150000,diesel,no
6700,wagon,manual,77,40000,gas,no
22300,limousine,automatic,110,10000,gas,no
24199,suv,automatic,170,50000,diesel,no
9990,bus,manual,150,70000,gas,no
7499,limousine,automatic,150,150000,diesel,no
8800,limousine,manual,109,70000,diesel,no
62500,coupe,automatic,385,80000,gas,no
20590,suv,manual,170,20000,diesel,no
5000,bus,manual,116,90000,gas,no
6000,bus,automatic,200,60000,diesel,no
11900,wagon,manual,87,30000,gas,no
10750,kombi,manual,125,60000,gas,no
7000,wagon,manual,105,30000,gas,no
7890,limousine,automatic,150,100000,gas,no
8999,limousine,manual,109,60000,diesel,no
7900,cabrio,manual,101,125000,diesel,no
14900,limousine,manual,200,50000,gas,no
10990,suv,manual,110,40000,diesel,no
9500,bus,automatic,150,150000,diesel,no
6000,kombi,automatic,150,150000,diesel,no
9500,suv,automatic,313,150000,diesel,no
29450,suv,manual,140,20000,diesel,no
14900,bus,automatic,150,150000,diesel,no
5480,limousine,manual,150,150000,diesel,no
10750,limousine,manual,122,60000,gas,no
6900,bus,manual,105,125000,diesel,no
8500,coupe,automatic,218,100000,gas,no
7100,limousine,manual,102,100000,gas,no
17490,limousine,manual,235,150000,gas,no
18900,cabrio,manual,143,50000,gas,no
22999,limousine,automatic,245,90000,gas,no
29900,limousine,automatic,143,30000,diesel,no
9300,limousine,manual,163,125000,diesel,no
5499,wagon,manual,95,100000,gas,no
7990,limousine,manual,120,125000,gas,no
23000,cabrio,automatic,284,50000,gas,no
9600,wagon,manual,75,70000,diesel,no
8000,bus,manual,114,100000,diesel,no
9750,limousine,automatic,150,150000,diesel,no
13500,limousine,automatic,218,150000,diesel,no
6490,kombi,manual,163,90000,gas,no
24499,suv,automatic,239,100000,diesel,no
5499,bus,manual,129,150000,diesel,no
5450,coupe,automatic,71,60000,gas,no
5500,kombi,manual,131,150000,diesel,no
8990,cabrio,automatic,98,50000,gas,no
18490,suv,automatic,224,150000,diesel,no
6700,limousine,automatic,200,150000,gas,no
7000,limousine,automatic,170,80000,diesel,no
5150,limousine,manual,140,150000,diesel,no
6500,coupe,automatic,272,150000,gas,yes
6200,limousine,manual,116,125000,gas,no
13900,wagon,manual,60,40000,gas,no
24999,bus,automatic,204,90000,diesel,no
11500,cabrio,automatic,193,100000,gas,no
24900,cabrio,automatic,184,10000,gas,no
14900,limousine,manual,120,150000,diesel,no
15500,suv,manual,173,100000,diesel,no
15950,bus,automatic,204,150000,gas,no
9600,limousine,manual,163,125000,diesel,no
6800,limousine,manual,140,150000,diesel,no
6000,suv,automatic,180,150000,lpg,no
6750,limousine,manual,80,125000,gas,no
8500,suv,manual,160,150000,diesel,no
21800,suv,automatic,204,150000,diesel,no
6000,bus,manual,86,125000,diesel,no
15500,suv,automatic,136,125000,diesel,no
6050,kombi,manual,179,150000,diesel,no
5790,bus,manual,102,100000,gas,no
5000,coupe,manual,150,100000,gas,no
24980,limousine,automatic,184,150000,diesel,no
18800,bus,manual,163,50000,diesel,no
10999,kombi,manual,140,100000,diesel,no
11500,kombi,manual,200,125000,gas,no
12000,suv,manual,171,150000,diesel,no
17299,limousine,manual,140,20000,gas,no
12999,suv,automatic,174,150000,diesel,no
16500,coupe,manual,204,90000,diesel,no
20000,suv,manual,150,80000,gas,no
14500,limousine,automatic,232,150000,diesel,no
8490,limousine,manual,200,150000,gas,no
14000,wagon,automatic,179,80000,gas,no
17800,kombi,manual,184,125000,diesel,no
14000,kombi,automatic,136,70000,diesel,no
15500,bus,automatic,122,40000,gas,no
12500,kombi,manual,197,150000,diesel,no
27200,cabrio,manual,192,60000,gas,no
10999,cabrio,automatic,170,100000,gas,no
5499,coupe,manual,179,150000,gas,no
5800,coupe,manual,170,150000,gas,no
5800,kombi,manual,185,150000,gas,no
27500,limousine,manual,320,50000,gas,no
69999,coupe,automatic,340,10000,gas,no
15120,suv,automatic,179,50000,diesel,no
26999,kombi,automatic,245,150000,diesel,no
13990,kombi,automatic,232,150000,diesel,no
6490,bus,manual,140,150000,diesel,no
7900,limousine,automatic,246,150000,diesel,no
7900,limousine,manual,122,125000,gas,no
14950,bus,manual,105,90000,diesel,no
9300,cabrio,manual,140,150000,diesel,no
13950,limousine,manual,230,150000,gas,no
15300,limousine,manual,170,90000,diesel,no
7400,bus,manual,90,30000,gas,no
6000,wagon,manual,95,40000,gas,no
13299,suv,manual,170,150000,diesel,no
9750,limousine,manual,150,150000,diesel,no
11700,limousine,manual,125,60000,gas,no
8000,limousine,automatic,143,90000,gas,no
17900,kombi,manual,125,10000,gas,no
9800,limousine,manual,140,150000,diesel,no
7850,wagon,manual,86,30000,gas,no
6600,limousine,manual,218,150000,diesel,no
13500,limousine,manual,125,80000,diesel,no
18999,limousine,automatic,170,80000,diesel,no
5200,kombi,automatic,204,150000,diesel,no
27900,limousine,automatic,230,40000,gas,no
8900,limousine,automatic,131,100000,diesel,no
7800,kombi,manual,105,150000,diesel,no
7499,wagon,automatic,72,20000,gas,no
13990,wagon,manual,182,50000,gas,no
13250,suv,manual,106,20000,gas,no
5700,limousine,manual,116,150000,gas,no
5400,kombi,manual,84,30000,gas,no
14000,bus,automatic,224,150000,diesel,no
17500,kombi,automatic,194,80000,diesel,no
15000,limousine,manual,143,70000,gas,no
24500,cabrio,manual,333,150000,gas,no
56000,suv,automatic,170,5000,diesel,no
6900,kombi,manual,102,125000,gas,no
9000,suv,automatic,272,125000,gas,no
16900,kombi,automatic,286,150000,diesel,no
11300,kombi,automatic,177,150000,diesel,no
13000,cabrio,manual,170,125000,lpg,no
9699,kombi,manual,102,70000,gas,no
11890,kombi,manual,250,150000,gas,no
7500,kombi,manual,177,150000,diesel,no
22999,coupe,manual,194,60000,diesel,no
14500,limousine,automatic,235,125000,diesel,no
5990,limousine,manual,160,80000,gas,no
19950,bus,automatic,140,80000,diesel,no
9390,limousine,manual,120,60000,gas,no
16000,kombi,automatic,143,150000,diesel,no
13000,limousine,manual,143,50000,gas,no
6400,kombi,manual,204,150000,diesel,no
17500,cabrio,automatic,160,40000,gas,no
12500,bus,manual,150,125000,diesel,no
29950,suv,automatic,179,40000,diesel,no
12000,kombi,manual,179,125000,gas,no
12900,suv,manual,150,150000,diesel,no
33000,coupe,manual,420,125000,gas,no
9400,kombi,manual,143,150000,diesel,no
5950,wagon,manual,60,125000,gas,no
5950,kombi,manual,122,150000,diesel,no
25800,cabrio,manual,177,50000,diesel,no
9600,suv,manual,90,40000,diesel,no
41800,bus,automatic,163,20000,diesel,no
7000,limousine,manual,143,150000,gas,no
5950,kombi,manual,170,150000,diesel,yes
9500,kombi,manual,120,40000,gas,no
17400,cabrio,manual,184,90000,gas,no
7780,limousine,manual,140,150000,diesel,no
13999,bus,manual,174,150000,diesel,no
22000,limousine,automatic,235,100000,diesel,no
6400,limousine,manual,179,150000,diesel,no
24900,cabrio,automatic,394,40000,gas,no
6500,bus,manual,140,150000,diesel,no
9300,wagon,manual,109,70000,gas,no
9490,wagon,automatic,97,10000,gas,no
8550,limousine,manual,105,150000,diesel,no
16900,limousine,manual,170,90000,diesel,no
36000,cabrio,automatic,408,125000,gas,no
5500,kombi,manual,116,150000,gas,no
5300,suv,manual,224,150000,diesel,yes
5250,wagon,manual,150,150000,diesel,no
13500,kombi,automatic,140,150000,diesel,no
5700,bus,manual,116,150000,diesel,no
13900,bus,manual,136,60000,gas,no
5400,limousine,manual,105,150000,diesel,no
5350,limousine,manual,109,150000,diesel,no
5000,limousine,manual,90,150000,diesel,no
8400,kombi,manual,140,150000,diesel,no
23500,limousine,manual,204,125000,gas,no
5499,limousine,manual,140,150000,diesel,no
24500,cabrio,manual,143,40000,gas,no
8500,kombi,automatic,170,150000,diesel,no
9990,bus,automatic,170,150000,diesel,yes
7200,bus,manual,86,60000,diesel,no
9999,kombi,automatic,140,150000,diesel,no
5950,limousine,manual,150,150000,diesel,no
15600,cabrio,manual,143,125000,diesel,no
9990,kombi,manual,170,150000,diesel,no
9400,bus,manual,95,80000,diesel,no
12900,bus,automatic,140,70000,diesel,no
8500,coupe,manual,101,30000,gas,no
13500,limousine,automatic,224,150000,diesel,no
9999,limousine,manual,241,150000,diesel,no
16500,limousine,automatic,136,150000,diesel,no
5666,suv,manual,86,60000,gas,yes
7745,bus,manual,140,90000,gas,no
33500,cabrio,manual,325,125000,gas,no
9900,cabrio,manual,200,125000,gas,no
8350,bus,manual,120,60000,gas,no
6500,limousine,manual,143,150000,diesel,yes
18499,bus,manual,140,100000,diesel,no
11490,bus,manual,86,30000,gas,no
28500,bus,manual,179,90000,diesel,no
23590,limousine,automatic,184,125000,diesel,no
15950,limousine,automatic,235,150000,diesel,no
5999,limousine,automatic,305,150000,gas,no
6500,kombi,manual,140,150000,diesel,no
30990,limousine,automatic,245,125000,diesel,no
11200,coupe,automatic,200,125000,gas,no
5700,wagon,manual,105,90000,diesel,no
10750,limousine,automatic,150,150000,diesel,no
24750,limousine,automatic,306,150000,gas,no
6390,bus,automatic,105,70000,gas,no
11999,kombi,automatic,170,150000,diesel,no
14000,limousine,manual,116,50000,diesel,no
17850,kombi,manual,125,10000,gas,no
11500,cabrio,manual,120,60000,gas,no
26900,kombi,automatic,143,80000,diesel,no
5900,kombi,automatic,204,150000,diesel,no
19500,coupe,manual,170,100000,diesel,no
9300,kombi,automatic,140,150000,diesel,no
21000,bus,manual,102,60000,diesel,no
29999,kombi,manual,177,40000,diesel,no
33490,kombi,automatic,313,100000,diesel,no
5500,limousine,automatic,204,150000,gas,no
41900,coupe,automatic,476,100000,gas,no
7850,cabrio,manual,150,100000,gas,no
14400,limousine,manual,136,50000,gas,no
15490,cabrio,manual,143,80000,gas,no
17990,kombi,manual,120,50000,diesel,no
6500,suv,manual,173,150000,diesel,yes
8800,kombi,automatic,170,150000,diesel,no
6500,coupe,manual,231,125000,gas,no
9500,coupe,automatic,163,100000,gas,no
33250,suv,automatic,245,125000,diesel,no
24950,limousine,automatic,204,90000,diesel,no
16950,limousine,automatic,245,150000,diesel,no
11500,limousine,manual,140,20000,gas,no
14900,kombi,manual,122,50000,gas,no
6900,bus,manual,110,90000,gas,no
12950,suv,manual,90,10000,gas,no
8500,cabrio,manual,69,30000,gas,no
39500,suv,automatic,401,50000,gas,no
16200,wagon,automatic,185,50000,gas,no
23900,cabrio,automatic,231,125000,diesel,no
20000,wagon,manual,90,20000,diesel,no
5300,cabrio,manual,135,125000,lpg,no
7900,limousine,manual,88,90000,gas,no
14500,cabrio,manual,170,125000,gas,no
11500,coupe,automatic,155,125000,gas,no
8000,limousine,manual,116,125000,gas,no
6490,kombi,manual,90,125000,diesel,no
5000,wagon,manual,69,60000,gas,no
9900,kombi,manual,170,150000,gas,no
16990,kombi,manual,160,80000,gas,no
14100,cabrio,manual,163,150000,gas,no
5700,bus,automatic,150,150000,gas,no
6500,coupe,automatic,170,80000,gas,no
9499,limousine,manual,122,90000,gas,no
6500,wagon,manual,68,60000,gas,no
8500,kombi,manual,140,150000,diesel,no
27500,bus,automatic,224,70000,diesel,no
13700,limousine,manual,116,10000,gas,no
20900,cabrio,manual,132,5000,gas,no
14200,limousine,automatic,122,30000,gas,no
43900,cabrio,automatic,408,100000,gas,no
7850,wagon,manual,75,100000,diesel,no
19500,limousine,manual,400,150000,gas,no
6000,kombi,manual,150,125000,gas,no
8500,kombi,automatic,140,150000,diesel,no
9900,bus,manual,140,150000,diesel,no
7900,limousine,manual,125,100000,gas,no
8500,coupe,automatic,306,150000,gas,no
10500,limousine,manual,177,150000,diesel,no
10700,suv,manual,140,150000,diesel,no
8850,wagon,manual,170,90000,gas,no
6500,cabrio,automatic,90,30000,gas,no
19900,bus,manual,122,20000,gas,no
17900,kombi,manual,180,70000,gas,no
5000,kombi,manual,75,40000,gas,no
13000,kombi,manual,116,125000,diesel,no
5690,limousine,manual,170,150000,diesel,no
13600,cabrio,manual,163,100000,gas,no
7999,limousine,manual,80,100000,gas,no
5100,limousine,manual,101,30000,gas,no
5500,kombi,automatic,163,150000,diesel,no
6500,wagon,manual,150,125000,gas,no
5999,limousine,automatic,192,150000,gas,no
5500,kombi,manual,90,100000,gas,no
24500,limousine,manual,156,20000,gas,no
7800,kombi,manual,170,150000,diesel,no
11500,limousine,manual,105,80000,gas,no
11490,wagon,manual,120,50000,gas,no
19700,kombi,manual,163,30000,diesel,no
37500,kombi,manual,230,5000,gas,no
5690,bus,manual,105,150000,diesel,no
5499,bus,manual,143,150000,diesel,no
7800,wagon,manual,75,90000,diesel,no
9900,limousine,manual,209,150000,gas,no
13990,kombi,manual,177,150000,diesel,no
7999,limousine,automatic,150,150000,diesel,no
14500,suv,manual,116,60000,gas,no
5999,suv,manual,105,70000,gas,no
13799,kombi,manual,105,80000,diesel,no
5500,kombi,manual,110,150000,diesel,no
5650,limousine,manual,101,150000,diesel,no
7500,wagon,manual,85,150000,gas,no
14300,wagon,manual,98,40000,other,no
5699,bus,automatic,109,150000,diesel,no
8500,wagon,manual,60,20000,gas,no
11990,limousine,manual,136,150000,diesel,no
10000,bus,manual,140,125000,diesel,yes
7899,limousine,automatic,95,80000,gas,no
14000,limousine,manual,122,50000,gas,no
7800,limousine,manual,177,150000,gas,no
14500,limousine,automatic,239,150000,diesel,no
5000,bus,manual,105,125000,diesel,no
9900,limousine,manual,143,150000,diesel,no
8500,bus,manual,116,125000,gas,no
12500,bus,automatic,174,150000,diesel,no
6100,kombi,manual,116,90000,gas,no
7100,suv,automatic,235,150000,diesel,no
8300,wagon,manual,86,40000,gas,no
13900,kombi,automatic,218,70000,gas,no
5100,limousine,manual,86,100000,gas,no
22000,coupe,manual,197,70000,diesel,no
14480,limousine,automatic,177,150000,diesel,no
6800,kombi,manual,129,150000,gas,no
6500,kombi,automatic,218,150000,diesel,no
29900,kombi,automatic,313,150000,diesel,no
8300,bus,automatic,105,125000,diesel,no
10700,kombi,manual,125,125000,diesel,no
11500,coupe,manual,143,90000,gas,no
24999,limousine,automatic,150,40000,diesel,no
38950,limousine,automatic,190,40000,diesel,no
7499,limousine,manual,250,150000,gas,no
10000,bus,automatic,150,125000,diesel,no
15550,kombi,automatic,232,125000,diesel,no
5999,cabrio,automatic,116,100000,gas,no
10990,bus,manual,105,80000,diesel,no
14500,coupe,manual,250,80000,gas,no
9800,kombi,manual,125,90000,gas,no
32400,limousine,automatic,306,150000,diesel,no
6500,limousine,manual,116,150000,lpg,no
6190,kombi,automatic,150,150000,diesel,no
6950,wagon,manual,95,125000,diesel,no
19999,kombi,manual,150,30000,diesel,no
18500,bus,manual,140,70000,diesel,no
20000,limousine,automatic,238,100000,diesel,no
8200,kombi,manual,140,150000,diesel,no
18900,cabrio,manual,160,40000,gas,no
16190,kombi,manual,200,50000,gas,no
5500,kombi,automatic,204,150000,diesel,no
10100,limousine,manual,140,50000,gas,no
6950,wagon,manual,77,40000,gas,no
35900,bus,manual,140,80000,diesel,no
9700,wagon,manual,90,60000,diesel,no
17000,suv,manual,177,125000,diesel,no
50490,suv,automatic,245,100000,diesel,no
7890,limousine,automatic,224,150000,diesel,no
10000,limousine,manual,163,80000,diesel,no
19500,limousine,manual,204,30000,gas,no
35000,suv,automatic,245,50000,diesel,no
37500,suv,automatic,400,20000,lpg,no
5800,limousine,automatic,204,150000,diesel,no
7000,cabrio,automatic,170,150000,gas,no
5999,limousine,automatic,197,150000,gas,no
13999,wagon,manual,86,20000,gas,no
12290,limousine,automatic,170,125000,diesel,no
6490,limousine,manual,130,150000,diesel,no
7700,wagon,manual,60,5000,gas,no
9490,cabrio,manual,120,50000,gas,no
10900,bus,manual,151,150000,diesel,no
6500,cabrio,manual,111,90000,gas,no
10999,bus,manual,105,150000,diesel,no
10300,kombi,manual,175,125000,diesel,no
7999,cabrio,manual,120,60000,gas,no
24500,cabrio,automatic,326,90000,gas,no
12500,coupe,manual,177,150000,diesel,no
14200,limousine,automatic,218,125000,gas,no
12800,bus,manual,170,150000,diesel,no
28899,bus,automatic,156,5000,gas,no
17500,wagon,manual,86,30000,gas,no
16790,wagon,manual,90,20000,diesel,no
25500,limousine,automatic,211,80000,gas,no
5500,limousine,automatic,116,150000,gas,no
16500,suv,manual,110,30000,diesel,no
9950,wagon,manual,105,70000,gas,no
7800,coupe,automatic,140,125000,gas,no
8700,kombi,automatic,231,150000,diesel,no
24900,kombi,manual,125,5000,gas,no
14500,cabrio,automatic,163,70000,gas,no
11999,kombi,manual,131,150000,diesel,no
10999,kombi,manual,231,150000,diesel,no
23650,kombi,automatic,170,125000,diesel,no
16999,coupe,automatic,286,150000,diesel,no
16200,kombi,automatic,190,125000,gas,no
11800,kombi,automatic,140,150000,diesel,no
6200,limousine,manual,80,100000,gas,yes
10280,limousine,manual,143,125000,diesel,no
9995,kombi,manual,170,150000,diesel,no
6499,bus,manual,117,125000,gas,no
5300,bus,manual,80,150000,gas,yes
30860,kombi,automatic,184,30000,diesel,no
5800,limousine,manual,224,125000,gas,no
8290,wagon,automatic,71,20000,gas,no
5790,limousine,automatic,306,150000,lpg,no
28500,kombi,automatic,200,30000,diesel,no
5800,cabrio,manual,102,150000,gas,no
16960,suv,manual,122,30000,gas,no
10850,cabrio,manual,192,150000,gas,no
18350,kombi,manual,220,20000,gas,no
20900,cabrio,manual,184,30000,gas,no
7950,kombi,automatic,197,150000,diesel,no
14650,kombi,automatic,156,100000,gas,no
5750,cabrio,manual,135,100000,gas,no
39850,limousine,automatic,258,60000,diesel,no
8200,kombi,manual,140,150000,diesel,no
8950,kombi,manual,102,100000,gas,no
35500,kombi,automatic,204,50000,diesel,no
25000,coupe,manual,420,70000,gas,no
11000,kombi,manual,150,90000,gas,no
25400,limousine,manual,220,10000,gas,no
7299,kombi,automatic,163,150000,diesel,no
9500,limousine,manual,173,150000,gas,no
10999,suv,manual,122,70000,gas,no
5995,wagon,manual,73,80000,gas,no
59911,coupe,manual,345,150000,gas,no
17950,suv,automatic,190,150000,diesel,no
6000,limousine,manual,150,125000,gas,no
8000,coupe,automatic,148,30000,lpg,no
12800,suv,manual,105,30000,gas,no
10000,coupe,automatic,272,150000,gas,no
5299,limousine,manual,120,150000,diesel,no
20900,kombi,manual,272,70000,gas,no
14390,suv,automatic,141,40000,gas,no
11800,limousine,manual,220,125000,gas,no
9150,wagon,manual,69,40000,gas,no
7500,cabrio,manual,190,150000,gas,no
15900,kombi,automatic,177,125000,diesel,no
9200,kombi,manual,140,150000,diesel,no
7300,kombi,manual,166,100000,diesel,no
18950,kombi,automatic,177,150000,diesel,no
23900,limousine,automatic,387,150000,gas,no
10500,cabrio,manual,200,70000,gas,no
38500,cabrio,manual,387,150000,gas,no
11350,kombi,automatic,177,150000,diesel,no
13500,bus,manual,209,150000,diesel,no
13900,limousine,manual,260,50000,gas,no
7999,kombi,automatic,163,150000,diesel,no
6900,wagon,manual,71,20000,gas,no
6000,limousine,automatic,197,150000,gas,yes
8500,limousine,automatic,306,150000,gas,no
10500,limousine,automatic,170,100000,gas,no
16800,kombi,manual,122,40000,gas,no
15400,coupe,automatic,231,150000,gas,no
8280,limousine,automatic,122,150000,diesel,no
6000,limousine,automatic,218,150000,diesel,no
6500,kombi,manual,177,150000,diesel,yes
7900,limousine,manual,125,60000,gas,no
6500,cabrio,manual,163,125000,gas,no
7700,limousine,manual,122,125000,diesel,no
27999,limousine,automatic,245,50000,gas,no
9000,kombi,manual,231,150000,diesel,no
10000,limousine,manual,141,150000,gas,no
6300,cabrio,automatic,163,150000,diesel,no
7999,limousine,manual,140,150000,diesel,no
6999,kombi,manual,109,125000,diesel,no
8999,bus,manual,179,150000,diesel,no
7900,limousine,manual,150,150000,gas,no
10680,kombi,manual,344,150000,lpg,no
13300,kombi,automatic,190,150000,diesel,no
6999,limousine,manual,177,150000,gas,no
6950,limousine,manual,160,125000,gas,no
9900,bus,manual,170,90000,gas,no
23500,limousine,manual,184,60000,diesel,no
6990,suv,automatic,163,150000,diesel,no
12750,limousine,manual,125,70000,gas,no
19900,bus,manual,105,30000,gas,no
18449,cabrio,manual,140,50000,diesel,no
11500,limousine,manual,105,60000,diesel,no
6200,bus,manual,170,150000,diesel,no
11600,bus,manual,175,150000,diesel,no
23000,coupe,automatic,306,70000,gas,no
21400,limousine,automatic,165,10000,diesel,no
27900,kombi,automatic,204,60000,diesel,no
8000,kombi,manual,140,150000,diesel,no
6500,wagon,manual,75,70000,diesel,no
26599,limousine,automatic,204,125000,diesel,no
9500,wagon,manual,174,90000,gas,no
19800,cabrio,manual,122,20000,gas,no
7650,kombi,manual,105,100000,diesel,no
5200,kombi,manual,90,150000,diesel,no
6100,limousine,automatic,204,150000,diesel,no
7000,bus,manual,110,150000,gas,no
6999,wagon,manual,69,60000,gas,no
13500,limousine,manual,224,150000,diesel,no
6100,limousine,manual,179,150000,diesel,no
5200,limousine,manual,90,80000,gas,no
44000,suv,automatic,245,80000,diesel,no
8900,bus,manual,120,125000,diesel,no
8000,limousine,manual,150,150000,diesel,no
12990,kombi,manual,105,80000,diesel,no
6900,wagon,manual,60,40000,gas,no
14390,cabrio,manual,160,50000,gas,no
8450,kombi,automatic,155,125000,gas,no
22990,wagon,manual,184,30000,gas,no
6390,limousine,manual,129,125000,gas,no
16500,kombi,automatic,185,150000,diesel,no
28000,limousine,automatic,325,20000,gas,no
6700,kombi,manual,110,125000,diesel,no
6990,limousine,automatic,306,150000,gas,no
7300,wagon,automatic,98,70000,gas,no
15900,limousine,manual,265,60000,gas,no
10950,limousine,automatic,105,125000,diesel,no
11500,cabrio,automatic,136,150000,diesel,no
41999,bus,manual,179,30000,diesel,no
15000,other,manual,351,90000,gas,no
7490,bus,manual,109,70000,gas,no
8300,wagon,manual,105,125000,gas,no
14650,coupe,automatic,224,70000,diesel,no
45900,cabrio,automatic,360,40000,gas,no
6300,limousine,manual,125,40000,gas,yes
5990,limousine,manual,105,40000,gas,no
9900,bus,manual,86,30000,gas,no
14800,wagon,manual,90,20000,diesel,no
6999,cabrio,manual,116,150000,gas,no
18900,cabrio,automatic,163,50000,gas,no
7500,bus,automatic,170,150000,diesel,no
7999,limousine,manual,129,150000,gas,no
25900,limousine,manual,184,30000,diesel,yes
23950,limousine,manual,184,50000,diesel,no
13495,limousine,manual,143,70000,gas,no
9900,limousine,automatic,231,150000,gas,no
10999,kombi,automatic,179,150000,diesel,no
14499,limousine,manual,86,20000,gas,no
5990,kombi,manual,140,150000,diesel,no
9700,limousine,manual,122,90000,gas,no
13980,limousine,automatic,140,100000,diesel,no
10950,limousine,automatic,99,50000,hybrid,no
15500,kombi,manual,125,80000,diesel,no
5500,wagon,manual,90,150000,diesel,no
7490,kombi,manual,163,150000,diesel,no
9099,kombi,automatic,177,150000,gas,no
6500,bus,manual,140,150000,diesel,no
17999,kombi,automatic,190,150000,diesel,no
6000,suv,manual,116,150000,diesel,no
31500,cabrio,automatic,387,60000,gas,no
11000,limousine,manual,230,125000,gas,no
7250,limousine,manual,163,150000,diesel,no
6900,kombi,automatic,272,150000,diesel,no
10550,limousine,automatic,112,70000,diesel,no
5000,bus,automatic,198,100000,gas,no
18499,limousine,manual,140,70000,diesel,no
5150,suv,automatic,194,150000,gas,no
26500,cabrio,automatic,292,125000,gas,no
8790,kombi,automatic,170,150000,diesel,no
14990,limousine,manual,105,60000,diesel,no
19990,kombi,automatic,265,100000,gas,no
5300,bus,manual,143,150000,diesel,no
5900,limousine,manual,170,70000,gas,no
18900,limousine,manual,110,20000,diesel,no
8200,kombi,manual,105,150000,diesel,no
16500,suv,manual,140,90000,diesel,no
15500,cabrio,automatic,306,150000,gas,no
14500,kombi,manual,155,60000,gas,no
6800,bus,automatic,110,150000,gas,no
6390,suv,automatic,201,150000,lpg,no
10900,limousine,manual,156,90000,gas,no
5000,wagon,manual,75,125000,gas,no
16000,cabrio,automatic,306,150000,gas,no
14999,coupe,automatic,363,80000,gas,no
6899,wagon,manual,133,70000,gas,no
8500,kombi,manual,160,125000,gas,no
8900,limousine,manual,122,80000,gas,no
10500,limousine,automatic,170,150000,diesel,no
13000,limousine,manual,177,80000,diesel,no
9200,limousine,manual,125,80000,gas,no
15500,bus,manual,120,5000,gas,no
7900,kombi,manual,140,150000,diesel,no
9450,kombi,manual,147,125000,gas,no
5000,bus,manual,116,150000,diesel,no
15590,cabrio,automatic,245,150000,gas,no
21500,wagon,manual,105,30000,diesel,no
8650,limousine,manual,105,90000,diesel,no
6000,limousine,manual,218,150000,lpg,no
17000,suv,automatic,241,125000,gas,no
21000,limousine,manual,150,30000,diesel,no
19499,limousine,automatic,231,100000,diesel,no
22450,bus,manual,131,125000,diesel,no
10800,limousine,manual,99,50000,gas,no
6390,cabrio,manual,135,100000,gas,no
9600,wagon,automatic,71,20000,gas,no
6300,limousine,manual,105,150000,diesel,no
5800,limousine,automatic,224,150000,diesel,no
6700,wagon,manual,69,30000,gas,no
13490,kombi,automatic,177,150000,diesel,no
43900,limousine,automatic,190,10000,diesel,no
7200,bus,manual,95,20000,diesel,yes
14850,kombi,manual,170,150000,diesel,no
10900,limousine,manual,116,100000,diesel,no
21590,cabrio,manual,184,40000,gas,no
8999,kombi,manual,163,150000,diesel,no
17300,limousine,automatic,170,150000,diesel,no
14490,limousine,automatic,200,70000,gas,no
7999,wagon,manual,102,90000,gas,no
6480,kombi,manual,109,150000,cng,no
8000,limousine,manual,140,90000,diesel,no
11999,suv,automatic,184,125000,diesel,no
7799,coupe,manual,163,125000,gas,no
6300,limousine,manual,150,150000,diesel,no
9400,limousine,manual,135,60000,gas,no
8699,kombi,automatic,177,150000,diesel,no
17550,suv,manual,140,50000,diesel,no
6900,cabrio,manual,163,150000,gas,no
7500,cabrio,automatic,193,125000,gas,no
18450,limousine,manual,143,70000,diesel,no
5500,limousine,automatic,165,150000,gas,no
14750,cabrio,manual,131,70000,gas,no
14250,kombi,manual,170,100000,diesel,no
7990,cabrio,manual,170,150000,gas,no
8990,limousine,automatic,177,150000,diesel,no
6399,wagon,manual,60,20000,gas,no
8900,bus,automatic,150,70000,diesel,no
5500,bus,manual,102,150000,diesel,no
7990,limousine,manual,241,150000,gas,no
35500,suv,automatic,256,125000,diesel,no
16500,cabrio,manual,160,30000,gas,yes
12999,kombi,manual,179,90000,diesel,no
16500,bus,manual,140,80000,diesel,no
20999,bus,automatic,105,50000,diesel,no
8600,kombi,automatic,179,150000,diesel,no
7000,coupe,manual,143,150000,gas,no
14500,limousine,automatic,184,90000,gas,no
13700,suv,automatic,177,90000,diesel,no
5999,wagon,manual,120,150000,gas,no
19900,limousine,manual,110,20000,diesel,no
8950,limousine,manual,150,100000,gas,no
16950,kombi,automatic,136,150000,diesel,no
13500,limousine,automatic,218,125000,gas,no
13900,suv,manual,169,50000,gas,no
11900,limousine,manual,120,30000,gas,no
29600,cabrio,manual,280,50000,gas,no
5990,kombi,automatic,120,150000,diesel,no
5850,limousine,manual,90,125000,diesel,no
11300,kombi,manual,150,150000,gas,no
13990,kombi,automatic,190,150000,diesel,no
7950,limousine,manual,116,100000,gas,no
14500,limousine,automatic,272,150000,gas,no
18990,cabrio,automatic,140,50000,diesel,no
20000,limousine,automatic,265,50000,diesel,no
5900,cabrio,manual,125,80000,gas,no
12350,wagon,manual,87,40000,gas,no
17900,coupe,manual,265,70000,gas,no
26999,limousine,automatic,184,70000,diesel,no
19399,cabrio,automatic,333,150000,gas,no
11790,cabrio,manual,160,100000,gas,no
20750,suv,automatic,277,100000,gas,no
10700,kombi,manual,140,150000,diesel,no
7490,kombi,manual,150,150000,diesel,no
5600,limousine,automatic,197,150000,diesel,no
5900,cabrio,manual,150,150000,diesel,no
15500,limousine,manual,204,150000,diesel,no
21400,limousine,automatic,218,50000,gas,no
17000,coupe,automatic,193,70000,gas,no
7400,limousine,manual,116,100000,diesel,no
11500,coupe,manual,125,80000,gas,no
6900,limousine,manual,170,150000,diesel,no
12000,limousine,automatic,105,50000,gas,no
6400,bus,manual,80,125000,diesel,no
22950,limousine,automatic,235,150000,diesel,no
5600,bus,manual,75,90000,diesel,no
5000,kombi,manual,136,150000,diesel,no
5500,bus,manual,136,150000,diesel,no
9200,limousine,automatic,111,150000,diesel,no
8200,wagon,manual,69,50000,gas,no
8950,kombi,manual,143,150000,diesel,no
14900,limousine,manual,260,70000,gas,no
20900,kombi,manual,120,50000,diesel,no
21900,suv,manual,136,30000,diesel,no
8450,cabrio,manual,122,125000,gas,no
10800,limousine,manual,136,150000,diesel,no
7500,wagon,manual,86,50000,gas,no
5000,limousine,manual,90,100000,gas,no
5700,suv,manual,141,150000,lpg,no
26900,coupe,manual,241,60000,gas,no
26800,bus,manual,140,50000,diesel,no
22900,limousine,automatic,231,150000,diesel,no
26999,limousine,automatic,231,125000,diesel,no
8100,limousine,manual,80,80000,gas,no
11000,limousine,manual,156,125000,gas,no
6500,wagon,automatic,149,150000,gas,no
6950,cabrio,manual,150,150000,gas,no
28500,limousine,automatic,156,30000,gas,no
9900,kombi,manual,140,150000,diesel,no
17000,kombi,automatic,293,150000,diesel,no
13500,kombi,manual,160,125000,gas,no
10600,limousine,manual,125,40000,gas,no
26500,cabrio,automatic,204,40000,gas,no
14900,bus,manual,163,150000,diesel,no
6222,wagon,manual,80,125000,gas,no
54300,suv,automatic,258,20000,diesel,no
12500,limousine,manual,105,40000,gas,yes
5290,wagon,manual,116,100000,gas,no
19980,kombi,manual,194,40000,diesel,no
6750,suv,manual,103,150000,diesel,no
6950,wagon,manual,69,60000,gas,no
7950,limousine,automatic,218,150000,diesel,no
17500,suv,automatic,163,70000,diesel,no
11890,kombi,manual,150,80000,diesel,no
7900,coupe,automatic,136,40000,gas,no
18000,wagon,manual,63,150000,gas,no
15450,limousine,automatic,90,5000,gas,no
6450,coupe,automatic,192,125000,gas,no
15200,limousine,automatic,218,60000,diesel,no
5900,kombi,automatic,180,5000,diesel,no
5900,limousine,manual,80,60000,gas,no
17499,limousine,manual,211,60000,gas,no
9999,limousine,automatic,275,150000,diesel,no
19990,suv,manual,160,150000,gas,no
6250,wagon,manual,87,60000,gas,no
9600,limousine,manual,197,150000,diesel,no
15900,wagon,automatic,211,100000,gas,no
8000,kombi,manual,197,150000,diesel,no
10550,limousine,manual,105,90000,diesel,no
6750,bus,manual,105,150000,diesel,no
11950,bus,manual,130,150000,diesel,no
15800,kombi,manual,140,50000,diesel,no
9250,cabrio,manual,286,125000,gas,no
24599,wagon,manual,220,30000,gas,no
7500,limousine,manual,110,150000,diesel,no
13550,suv,automatic,224,150000,diesel,no
6900,suv,automatic,163,150000,diesel,no
7699,other,automatic,313,150000,diesel,no
10999,limousine,manual,204,150000,diesel,no
8900,suv,automatic,160,150000,diesel,no
13000,limousine,manual,131,90000,diesel,no
8500,cabrio,automatic,231,150000,gas,no
18700,limousine,automatic,204,150000,gas,no
10998,limousine,automatic,150,125000,diesel,no
7800,coupe,automatic,143,125000,gas,no
6500,kombi,automatic,177,150000,diesel,no
5200,wagon,manual,69,80000,gas,no
26400,suv,manual,150,5000,gas,no
17850,suv,manual,177,70000,diesel,no
5200,coupe,automatic,170,150000,gas,no
7750,limousine,manual,140,150000,diesel,no
9500,coupe,manual,192,125000,gas,no
12100,wagon,manual,86,60000,gas,no
6690,coupe,automatic,218,125000,gas,no
5450,kombi,automatic,170,150000,gas,no
7000,limousine,manual,95,125000,gas,no
8400,kombi,manual,102,60000,gas,no
11250,suv,manual,105,125000,gas,no
17350,suv,manual,136,125000,diesel,no
11000,limousine,automatic,231,150000,diesel,no
25999,limousine,manual,143,30000,diesel,no
15500,wagon,manual,156,60000,gas,no
6200,suv,automatic,235,150000,gas,no
14990,limousine,manual,143,150000,diesel,no
13900,cabrio,manual,252,100000,gas,no
54500,cabrio,manual,218,150000,gas,no
15499,wagon,manual,136,20000,gas,no
9250,bus,automatic,140,150000,diesel,no
6100,limousine,manual,105,150000,diesel,no
16700,suv,manual,170,150000,diesel,no
8990,kombi,manual,140,150000,diesel,no
18299,kombi,automatic,265,150000,diesel,no
18200,limousine,manual,200,50000,gas,no
24999,suv,automatic,184,20000,diesel,no
12000,limousine,manual,177,150000,diesel,no
5800,limousine,manual,102,125000,gas,no
6222,limousine,manual,150,150000,diesel,no
6500,limousine,manual,143,150000,diesel,no
21900,limousine,automatic,136,70000,diesel,no
9999,kombi,automatic,197,150000,diesel,no
8645,wagon,manual,69,20000,gas,no
5990,wagon,automatic,54,70000,diesel,no
9000,kombi,manual,120,150000,diesel,no
10000,limousine,manual,86,60000,gas,no
8000,cabrio,manual,191,150000,gas,no
30210,coupe,automatic,306,50000,gas,no
15500,kombi,manual,160,100000,gas,no
5999,bus,manual,140,125000,gas,no
7200,wagon,manual,96,60000,gas,no
33600,suv,manual,179,60000,diesel,no
5200,coupe,manual,170,20000,lpg,no
6200,limousine,manual,150,125000,gas,no
16500,limousine,automatic,170,150000,diesel,no
9000,kombi,manual,200,150000,gas,no
19000,suv,automatic,345,150000,lpg,no
11990,wagon,manual,86,70000,gas,no
17135,kombi,automatic,170,150000,diesel,no
14990,bus,manual,102,30000,diesel,no
19000,coupe,manual,170,125000,diesel,no
11999,kombi,manual,170,150000,diesel,no
35500,kombi,automatic,340,80000,gas,no
7700,wagon,manual,120,90000,gas,no
5500,wagon,manual,84,70000,gas,no
7500,limousine,manual,120,90000,gas,no
16400,cabrio,manual,143,80000,gas,no
8500,limousine,manual,150,80000,diesel,no
7500,wagon,manual,70,20000,gas,no
5995,cabrio,automatic,71,60000,gas,no
14900,cabrio,automatic,179,100000,diesel,no
5300,kombi,manual,90,150000,diesel,no
6000,wagon,manual,87,90000,gas,no
12900,limousine,manual,170,125000,diesel,no
7850,suv,manual,75,10000,gas,no
15000,bus,manual,174,150000,diesel,no
12000,wagon,automatic,86,50000,gas,no
8999,limousine,automatic,224,150000,gas,no
7489,cabrio,manual,192,150000,gas,no
7690,kombi,manual,140,150000,diesel,no
14000,kombi,manual,160,125000,diesel,no
11000,suv,manual,150,100000,diesel,no
9800,limousine,automatic,218,125000,gas,no
7000,cabrio,manual,116,125000,gas,no
13500,kombi,automatic,179,150000,diesel,no
7900,cabrio,manual,131,40000,gas,no
5200,limousine,manual,101,80000,gas,no
8000,limousine,manual,160,100000,diesel,no
8600,kombi,manual,163,150000,diesel,no
7800,limousine,manual,116,100000,diesel,no
7400,cabrio,automatic,279,100000,gas,no
18200,cabrio,manual,177,150000,diesel,no
13300,suv,automatic,224,150000,diesel,no
6600,limousine,manual,110,150000,diesel,no
5890,cabrio,manual,101,125000,gas,no
8699,wagon,manual,174,125000,gas,no
9300,limousine,manual,150,150000,diesel,no
7950,bus,manual,129,80000,gas,no
12800,limousine,automatic,231,150000,diesel,no
5399,limousine,manual,120,125000,gas,no
20600,limousine,automatic,170,70000,diesel,no
10400,kombi,manual,179,150000,diesel,no
5800,bus,manual,150,150000,diesel,yes
10500,limousine,automatic,170,150000,diesel,no
14500,limousine,automatic,326,150000,diesel,no
6400,bus,manual,115,100000,gas,no
6500,kombi,manual,180,150000,diesel,no
5900,wagon,manual,86,125000,gas,no
11499,kombi,manual,105,125000,diesel,no
15999,suv,automatic,163,100000,diesel,no
9400,cabrio,manual,224,125000,gas,no
8650,bus,automatic,116,40000,gas,no
